text,category
provide information forthcoming events university?,event
interested knowing upcoming events campus?,event
when symposium?,event
sports day,event
events happening university week?,event
student events happening soon?,event
curious events planned next month.,event
like know sports events taking place near future.,event
cultural events happening university?,event
provide information orientation events new students?,event
next club fair happening?,event
let know guest lectures seminars?,event
looking information annual university festival.,event
events organized alumni?,event
interested participating volunteer events coming up?,event
career fairs academic year?,event
get updates events related environmental awareness?,event
upcoming hackathon event?,event
curious charity events happening campus.,event
cultural heritage events?,event
next university open day prospective students?,event
wellness events planned students?,event
interested attending networking events help?,event
provide details upcoming academic conferences?,event
events celebrating diversity inclusion?,event
next campus cleanup event?,event
poetry slams happening month?,event
date next fundraising event?,event
interested participating coding competitions coming up?,event
events planned celebrating Women's History Month?,event
get details next career development workshop?,event
next technology symposium?,event
provide information events international students?,event
curious art exhibitions happening campus.,event
events organized mental health awareness?,event
sports tournaments taking place soon?,event
next campus concert happening?,event
interested events related entrepreneurship help?,event
film screenings semester?,event
provide information university's annual gala?,event
events planned Earth Day year?,event
looking details next study abroad fair.,event
next student government election event?,event
provide details book readings author talks?,event
interested events related sustainability efforts.,event
date next food festival campus?,event
upcoming music concerts?,event
next career panel discussion?,event
curious events planned awareness.,event
events scheduled celebrating Black History Month?,event
provide information upcoming research symposiums?,event
events celebrating International Women's Day?,event
next engineering expo?,event
interested attending events related social justice.,event
theater productions plays?,event
next health wellness fair?,event
provide information upcoming coding competitions?,event
events organized Career Development Week?,event
curious events planned World AIDS Day.,event
events scheduled celebrating Asian Heritage Month?,event
provide details next science technology fair?,event
next debate competition?,event
interested attending events related cyber security.,event
date next international student welcome event?,event
leadership development workshops?,event
next community service day?,event
curious events planned Disability Awareness Month.,event
events scheduled celebrating Heritage Month?,event
provide information upcoming academic symposiums?,event
events celebrating National Indigenous Peoples Day?,event
next student film festival?,event
interested attending events related financial literacy.,event
cultural exchange events happening soon?,event
next environmental sustainability conference?,event
provide details next arts crafts fair?,event
events organized Global Entrepreneurship Week?,event
curious events planned Mental Health Awareness Week.,event
events scheduled celebrating Women in STEM?,event
provide information upcoming health fitness expos?,event
next international education fair?,event
interested attending events related data science help?,event
date next student leadership conference?,event
cultural performance events happening soon?,event
next networking mixer?,event
curious events planned International Day Peace.,event
events scheduled celebrating National Science Week?,event
provide details next entrepreneurship summit?,event
events celebrating Diversity Week?,event
next campus music festival?,event
interested attending events related artificial intelligence.,event
technology hackathon happening soon?,event
next poetry reading event?,event
curious events planned International Education Week?,event
events scheduled celebrating National Volunteer Week?,event
provide information upcoming sustainability conferences?,event
date next health science symposium?,event
community outreach events happening soon?,event
next engineering design competition?,event
any workshops on creative writing coming up?,event
upcoming food festivals in the area?,event
dates for the next financial literacy seminars?,event
art exhibitions opening soon?,event
when exam,exam
my exam,exam
tell me about exam,exam
know about my exam,exam
dates final examinations semester,exam
need examination timetable courses,exam
examination dates biology course,exam
information mid term examinations,exam
provide details examination format math course,exam
practice examinations available physics examination,exam
looking past examination papers chemistry course,exam
many examinations next week,exam
examination review session scheduled final,exam
remind examination rules regulations,exam
feeling nervous upcoming examinations,exam
topics covered history examination,exam
missed last examination reschedule,exam
prepare English examination start,exam
special accommodations students examinations,exam
need bring specific materials examination,exam
study guide available upcoming examinations,exam
provide information examination locations times,exam
passing grade economics examination,exam
conflict another examination reschedule,exam
calculators allowed math examination,exam
duration chemistry examination,exam
question examination questions ask,exam
need bring student ID examination,exam
sick day examination,exam
recommend examination preparation resources,exam
check examination schedule find,exam
sample questions available examination,exam
need examination format computer science course,exam
examination weight final grade,exam
give tips studying upcoming examinations,exam
worried difficulty level examination insight,exam
study group examination preparation,exam
arrive late examination,exam
bring water bottle examination,exam
miss examination due emergency,exam
use pencil examination need pen,exam
procedure requesting examination review,exam
extra time examination due medical condition arrange,exam
conflict extracurricular activity examination,exam
materials allowed examination room,exam
dress code examination,exam
need examination schedule psychology course,exam
request copy graded examination marked,exam
policy cheating examinations,exam
worried forgetting calculator math examination borrow one,exam
technical difficulties online examination,exam
penalty missing examination registration deadline,exam
family emergency day examination,exam
review sessions scheduled examination,exam
request extra paper examination run out,exam
accommodation extra time examinations arrange,exam
seating plan examination room,exam
finish examination early,exam
use calculator app phone examination,exam
feeling unwell day examination,exam
procedure submitting examination appeal,exam
penalty leaving examination room early,exam
examination preparation workshops available,exam
need examination requirements physics course,exam
request break examination,exam
happens forget student ID examination,exam
bring food examination,exam
conflict commitment examination time,exam
policy academic dishonesty examinations,exam
request different examination time personal reasons,exam
study spaces available examination preparation,exam
feeling anxious examination offer advice,exam
happens arrive without examination admission ticket,exam
use scratch paper examination,exam
need examination weight chemistry course,exam
procedure requesting makeup examination,exam
bring dictionary examination,exam
having difficulty accessing online examination platform,exam
happens experience medical emergency examination,exam
leave examination room use restroom,exam
need examination format biology course,exam
policy academic integrity examinations,exam
examination study guides available online,exam
worried examination duration request extra time,exam
bring calculator examination,exam
need clarification examination instructions ask,exam
fee rescheduling examination,exam
happens arrive examination started,exam
request examination extension extenuating circumstances,exam
question examination material help,exam
medical emergency examination,exam
request copy examination paper graded,exam
penalty following examination instructions,exam
examination preparation seminars available,exam
need examination format history course,exam
policy using electronic devices examinations,exam
examination practice sessions scheduled,exam
worried examination format provide information,exam
bring calculator graphing capabilities examination,exam
need examination weight computer science course,exam
find lecture notes biology class,notes
notes available chemistry lecture,notes
missed last class get lecture notes,notes
provide notes yesterday's lecture,notes
study notes available upcoming exam,notes
direct online platform access course notes,notes
lecture notes history course find,notes
study guides notes physics exam,notes
repository access past lecture notes,notes
send lecture notes psychology class,notes
looking study materials including notes math course,notes
supplemental notes available literature course,notes
access lecture notes previous semesters,notes
condensed notes summaries economics lectures,notes
find notes computer science lab,notes
download lecture notes engineering course,notes
provide notes guest lectures seminars,notes
review lecture notes sociology class,notes
recommend websites find comprehensive notes,notes
peer reviewed notes available anatomy course,notes
access professor's lecture notes course website,notes
trouble understanding concept get additional notes,notes
email lecture notes environmental science class,notes
find notes guest speaker's presentation,notes
annotated notes political science lectures,notes
get lecture notes different format PDF,notes
handwritten notes available chemistry lab,notes
lecture notes geography course obtain,notes
access lecture notes mobile device,notes
notes available online lectures,notes
find lecture notes art history class,notes
borrow someone's notes last class,notes
provide guided notes philosophy lectures,notes
review lecture notes architecture course located,notes
recommend note taking strategies biology lab,notes
interactive notes available music theory class,notes
missed lecture access recorded notes,notes
provide notes guest lecturer's talk,notes
audio notes available language course,notes
find lecture notes economics class student portal,notes
practice notes available math exam,notes
find notes literature seminar,notes
access lecture notes physics class tablet,notes
review lecture notes chemistry course exam,notes
provide lecture notes engineering seminar,notes
notes available history workshop,notes
access professor's notes philosophy lecture,notes
looking supplementary notes sociology course find,notes
provide summary notes psychology lectures,notes
find notes computer science tutorial,notes
access lecture notes biology class offline,notes
video notes available chemistry lecture,notes
missed guest lecture access presentation notes,notes
provide notes guest speaker's workshop,notes
interactive notes available literature class,notes
access lecture notes history course smart phone,notes
review lecture notes political science seminar located,notes
recommend note taking apps architecture course,notes
supplementary notes available art history lecture,notes
missed seminar get lecture notes,notes
provide notes last lecture,notes
summary notes available language class,notes
find lecture notes music theory workshop,notes
access professor's lecture notes economics course,notes
audiovisual notes available geography lecture,notes
lecture notes literature course obtain,notes
borrow copy notes last lecture,notes
guided notes available psychology seminar,notes
access lecture notes philosophy class laptop,notes
looking practice notes biology exam find,notes
provide annotated notes chemistry lectures,notes
find notes engineering workshop,notes
access lecture notes history class university website,notes
review lecture notes sociology seminar located,notes
recommend note making techniques physics lab,notes
interactive notes available computer science class,notes
missed tutorial access lecture notes,notes
provide notes last seminar,notes
audio notes available political science lecture,notes
access lecture notes architecture course desktop,notes
review lecture notes art history workshop located,notes
recommend note making methods literature seminar,notes
supplementary notes available language lecture,notes
find lecture notes music theory class online,notes
access professor's notes economics seminar,notes
audiovisual notes available geography class,notes
lecture notes psychology course obtain,notes
borrow someone's notes last seminar,notes
guided notes available philosophy workshop,notes
access lecture notes biology class via email,notes
looking practice notes chemistry exam find,notes
provide annotated notes engineering lectures,notes
find notes history tutorial,notes
access lecture notes sociology class student portal,notes
review lecture notes art history seminar located,notes
recommend note making apps language course,notes
supplementary notes available music theory lecture,notes
missed workshop access lecture notes,notes
provide notes last tutorial,notes
summary notes available political science seminar,notes
find lecture notes architecture workshop,notes
access digital notes environmental science class,notes
subjects offered computer science program,subject
subjects need take major,subject
interested learning subjects available biology department,subject
provide list subjects available upcoming semester,subject
find information prerequisites specific subjects,subject
new subjects introduced next semester,subject
unsure subjects choose elective credits,subject
change major without retake subjects,subject
subjects required graduation,subject
need advice selecting subjects minor,subject
offer interdisciplinary subjects,subject
subjects require special permission enroll,subject
take subjects outside major elective credits,subject
limit number subjects take per semester,subject
enroll subjects different departments,subject
interested subjects related sustainability available,subject
prerequisites advanced level subjects,subject
prerequisites enrolling subjects psychology department,subject
audit subject without receiving credit,subject
struggling subject recommend tutoring resources,subject
enroll subjects offered universities,subject
core subjects liberal arts program,subject
take subjects online,subject
many subjects need take considered full time student,subject
subjects fieldwork internship component,subject
enroll subjects summer semester,subject
subjects prerequisites fulfilled,subject
need help planning schedule fit required subjects,subject
subjects typically offered fall semester,subject
enroll graduate level subjects undergraduate student,subject
deadline adding dropping subjects,subject
subjects offered certain semesters,subject
enroll subjects haven't declared major yet,subject
interested subjects related entrepreneurship offer any,subject
enroll subjects part specific program,subject
subjects prerequisites waive,subject
prerequisites subjects engineering department,subject
take subjects another campus within university,subject
prerequisites enrolling subjects arts department,subject
need advice balancing workload extracurricular activities subjects,subject
subjects required pre med track,subject
enroll subjects academic probation,subject
subjects limited enrollment,subject
subjects required education major,subject
enroll subjects non degree seeking student,subject
subjects typically offered spring semester,subject
subjects require instructor permission enroll,subject
enroll subjects studying abroad,subject
subjects recommended students interested research,subject
subjects co requisites need aware of,subject
enroll subjects taking leave absence,subject
subjects required business administration major,subject
enroll subjects transfer student,subject
subjects fulfill multiple requirements,subject
subjects required environmental science program,subject
enroll subjects part time student,subject
subjects prerequisites need complete first,subject
enroll subjects haven't met GPA requirement,subject
subjects required communication studies major,subject
enroll subjects high school student,subject
subjects prerequisites challenge,subject
subjects recommended students interested arts,subject
enroll subjects visiting student,subject
subjects required nursing program,subject
enroll subjects academic suspension,subject
subjects placement tests need take,subject
subjects recommended students interested social justice,subject
enroll subjects dual enrollment student,subject
subjects prerequisites satisfy transfer credits,subject
subjects required computer engineering major,subject
enroll subjects post baccalaureate student,subject
subjects prerequisites waive department approval,subject
subjects recommended students interested technology,subject
enroll subjects senior citizen,subject
subjects prerequisites satisfy online courses,subject
subjects required political science program,subject
enroll subjects military veteran,subject
subjects prerequisites satisfy life experience,subject
subjects recommended students interested global studies,subject
enroll subjects international student,subject
subjects prerequisites satisfy AP credits,subject
subjects required criminal justice major,subject
enroll subjects student disabilities,subject
subjects prerequisites satisfy CLEP exams,subject
subjects recommended students interested public health,subject
enroll subjects returning student,subject
subjects prerequisites satisfy IB credits,subject
subjects required sociology program,subject
enroll subjects student athlete,subject
subjects prerequisites satisfy SAT subject test scores,subject
subjects recommended students interested education reform,subject
enroll subjects non native English speaker,subject
subjects prerequisites satisfy GED scores,subject
subjects required anthropology major,subject
subjects recommended students interested in environmental science,subject
enroll subjects part time student,subject
subjects prerequisites satisfy work experience,subject
subjects required business administration major,subject
enroll subjects first generation college student,subject
subjects prerequisites satisfy dual enrollment credits,subject
subjects recommended students interested in technology,subject
help find class schedule semester,schedule
access course schedule online,schedule
need know schedule biology lab,schedule
provide schedule upcoming exams,schedule
class schedule next semester available,schedule
way check schedule extracurricular activities,schedule
tell schedule university shuttle bus,schedule
trying plan study schedule assist,schedule
schedule library hours finals week,schedule
schedule campus tours prospective students,schedule
schedule student orientation sessions,schedule
help find schedule career fair,schedule
need know schedule gym facilities,schedule
schedule cafeteria hours,schedule
provide schedule academic advising appointments,schedule
schedule dormitory move in day,schedule
schedule student club meetings,schedule
tell schedule student health center,schedule
looking schedule tutoring center,schedule
schedule university bookstore hours,schedule
provide schedule financial aid office,schedule
schedule campus security patrols,schedule
schedule career development workshops,schedule
help find schedule student government meetings,schedule
tell schedule guest speaker lectures,schedule
schedule campus sustainability events,schedule
schedule student counseling services,schedule
tell schedule student employment office,schedule
trying plan schedule study abroad assist,schedule
schedule graduate school application deadlines,schedule
schedule research symposium presentations,schedule
provide schedule academic calendar,schedule
schedule student ID card pickup,schedule
help find schedule study group sessions,schedule
schedule campus wide events semester,schedule
schedule academic probation meetings,schedule
schedule student leadership training workshops,schedule
tell schedule university newspaper publication,schedule
looking schedule student volunteer opportunities,schedule
schedule student health insurance enrollment,schedule
schedule student housing lottery,schedule
provide schedule university IT support hours,schedule
schedule student travel discounts,schedule
help find schedule student wellness programs,schedule
schedule student legal services office,schedule
schedule student employment fair,schedule
schedule student academic awards ceremony,schedule
tell schedule student financial literacy workshops,schedule
looking schedule student technology training sessions,schedule
schedule student diversity events,schedule
schedule student exchange program information sessions,schedule
provide schedule student health education classes,schedule
schedule student academic success workshops,schedule
help find schedule student mental health support groups,schedule
schedule student peer tutoring sessions,schedule
schedule student veteran services office,schedule
schedule student disability accommodations appointments,schedule
tell schedule student international programs information sessions,schedule
looking schedule student academic advising drop in hours,schedule
schedule student emergency response training sessions,schedule
schedule student financial aid workshops,schedule
provide schedule student leadership conferences,schedule
schedule student recreational sports leagues,schedule
help find schedule student peer mentoring program,schedule
schedule student career exploration workshops,schedule
schedule student academic integrity seminars,schedule
schedule student academic probation workshops,schedule
tell schedule student research opportunities info sessions,schedule
looking schedule student study skills workshops,schedule
schedule student international student orientation sessions,schedule
schedule student community service events,schedule
provide schedule student financial aid counseling appointments,schedule
schedule student academic planning workshops,schedule
help find schedule student peer advising sessions,schedule
schedule student mental health awareness events,schedule
schedule student academic program advising sessions,schedule
tell schedule student leadership development seminars,schedule
looking schedule student career readiness workshops,schedule
schedule student community engagement opportunities,schedule
schedule student academic support services,schedule
provide schedule student campus resource fairs,schedule
schedule student academic success coaching sessions,schedule
help find schedule student cultural awareness events,schedule
schedule student mental health counseling sessions,schedule
provide schedule student financial aid workshops,schedule
schedule student peer mentoring meetings,schedule
looking schedule student internship fairs,schedule
schedule student recreational activities,schedule
schedule student volunteer opportunities,schedule
provide schedule student orientation sessions,schedule
schedule student study abroad information sessions,schedule
looking schedule student wellness programs,schedule
schedule student tutoring sessions,schedule
schedule student library workshops,schedule
provide schedule student technology training,schedule
schedule student language exchange programs,schedule
looking schedule student alumni networking events,schedule
schedule student public speaking workshops,schedule
schedule student research symposiums,schedule
provide schedule student exam preparation sessions,schedule
provide question papers last year's exams,question paper
find question papers upcoming midterm,question paper
need access question papers practice exams,question paper
share question papers previous semesters' final exams,question paper
question papers mock test available,question paper
repository old question papers,question paper
get question papers entrance exam preparation,question paper
looking question papers help exam revision,question paper
sample question papers upcoming quiz,question paper
need question papers supplementary exams,question paper
download question papers online assessments,question paper
guide access question papers university website,question paper
question papers competitive exams,question paper
unable find question papers practical exams assist,question paper
provide question papers placement tests,question paper
request question papers specific subject areas,question paper
interested practicing question papers standardized tests,question paper
get question papers scholarship exams,question paper
recommend source question papers self study,question paper
limit number question papers access,question paper
request question papers model exams,question paper
need question papers prepare aptitude tests get,question paper
question papers available practical assignments,question paper
looking question papers remedial exams help,question paper
find question papers entrance interviews,question paper
access question papers lab assessments,question paper
question papers language proficiency tests,question paper
need question papers gauge exam readiness find,question paper
question papers available certification exams,question paper
provide question papers internal assessments,question paper
interested solving question papers for exams,question paper
offer question papers talent search exams,question paper
get question papers campus recruitment tests,question paper
need question papers departmental exams obtain,question paper
access question papers research aptitude tests,question paper
get question papers project presentations,question paper
looking question papers practice competitive entrance tests,question paper
question papers subject proficiency exams,question paper
request question papers semester end assessments,question paper
need question papers prepare practical demonstrations help,question paper
find question papers admission interviews,question paper
access question papers thesis defense exams,question paper
provide question papers online quizzes,question paper
interested solving question papers scholarship aptitude exams,question paper
get question papers internship assessments,question paper
download question papers online mock exams,question paper
need question papers practice university entrance exams get,question paper
question papers available graduate aptitude tests,question paper
provide question papers course evaluations,question paper
looking question papers prepare competitive job exams assist,question paper
access question papers distance learning exams,question paper
question papers practical skill assessments,question paper
request question papers research methodology exams,question paper
need question papers practice certification assessments obtain,question paper
find question papers internship interviews,question paper
get question papers dissertation defense,question paper
interested solving question papers talent assessment tests,question paper
offer question papers scholarship interviews,question paper
access question papers university wide competitions,question paper
need question papers prepare campus placement drives find,question paper
find question papers entrance aptitude tests,question paper
request question papers semester projects,question paper
need question papers practice professional certification exams,question paper
question papers available practical skill demonstrations,question paper
provide question papers job recruitment assessments,question paper
looking question papers prepare online competency tests help,question paper
access question papers fellowship exams,question paper
question papers industry specific assessments,question paper
request question papers thesis proposal defense,question paper
need question papers practice university wide talent hunts,question paper
find question papers campus placement aptitude tests,question paper
get question papers online coding assessments,question paper
interested solving question papers scholarship exams international students,question paper
provide question papers online proctored exams,question paper
access question papers subject specific competitions,question paper
find question papers summer internship assessments,question paper
download question papers pre placement talks,question paper
need question papers practice graduate management admission tests assist,question paper
access question papers talent acquisition exams,question paper
question papers industry certification assessments,question paper
request question papers thesis progress reviews,question paper
looking question papers prepare online coding challenges help,question paper
find question papers campus drive interviews,question paper
get question papers online assessment center exercises,question paper
interested solving question papers scholarship exams minority students,question paper
offer question papers university entrance aptitude tests,question paper
access question papers course specific competitions,question paper
need question papers practice summer internship aptitude tests obtain,question paper
find question papers for mock interviews,question paper
access question papers for academic competitions,question paper
download question papers for professional certification exams,question paper
looking for question papers for corporate training assessments,question paper
need question papers for fellowship applications,question paper
get question papers for departmental exams,question paper
find question papers for international student assessments,question paper
request question papers for research proposal defenses,question paper
access question papers for PhD qualifying exams,question paper
looking for question papers for language proficiency tests,question paper
need question papers for skill assessment workshops,question paper
download question papers for competency based interviews,question paper
find academic calendar upcoming semester,calendar
provide university event calendar,calendar
academic calendar next year released,calendar
need check calendar holiday schedule,calendar
tell dates university breaks academic calendar,calendar
way sync academic calendar personal calendar,calendar
looking calendar important deadlines dates assist,calendar
calendar semester registration dates,calendar
download academic calendar PDF,calendar
calendar semester start end dates,calendar
digital version academic calendar,calendar
access calendar university's cultural events,calendar
help find calendar academic advising appointments,calendar
interested calendar university wide events activities,calendar
calendar final exam schedule published,calendar
provide calendar university's sports events,calendar
calendar campus tours information sessions,calendar
calendar university's academic workshops seminars,calendar
find calendar student organization meetings,calendar
assist finding calendar university's career fairs,calendar
need know calendar university's academic conferences,calendar
calendar university's commencement ceremonies,calendar
tell calendar university's research symposiums,calendar
way subscribe university's event calendar,calendar
access calendar university's holiday closures,calendar
help find calendar university's guest lectures,calendar
interested calendar university's volunteer opportunities,calendar
calendar university's student elections posted,calendar
provide calendar university's academic forums,calendar
calendar university's arts cultural festivals,calendar
calendar university's academic honors ceremonies,calendar
find calendar university's wellness fitness programs,calendar
assist finding calendar university's alumni events,calendar
need know calendar university's academic deadlines reminders,calendar
calendar university's admissions information sessions,calendar
tell calendar university's career development workshops,calendar
way access calendar university's student leadership retreats,calendar
access calendar university's international education events,calendar
help find calendar university's financial aid workshops,calendar
interested calendar university's diversity inclusion events,calendar
calendar university's research colloquiums available,calendar
provide calendar university's community service projects,calendar
calendar university's academic success seminars,calendar
calendar university's study abroad information sessions,calendar
find calendar university's academic support services,calendar
assist finding calendar university's cultural heritage celebrations,calendar
need know calendar university's parent family weekends,calendar
calendar university's sustainability initiatives,calendar
tell calendar university's campus safety awareness events,calendar
way access calendar university's mental health awareness programs,calendar
access calendar university's academic integrity workshops,calendar
help find calendar university's student employment opportunities,calendar
interested calendar university's entrepreneurship competitions,calendar
calendar university's academic technology workshops posted,calendar
provide calendar university's honors program events,calendar
calendar university's academic library events,calendar
calendar university's leadership development programs,calendar
find calendar university's women's history month events,calendar
assist finding calendar university's undergraduate research symposiums,calendar
need know calendar university's pride events,calendar
calendar university's health wellness fairs,calendar
tell calendar university's academic language immersion programs,calendar
way access calendar university's freshman orientation sessions,calendar
access calendar university's academic success coaching sessions,calendar
help find calendar university's veteran services events,calendar
interested calendar university's STEM outreach programs,calendar
calendar university's honors convocation available,calendar
provide calendar university's student art exhibitions,calendar
calendar university's academic leadership conferences,calendar
calendar university's disability awareness events,calendar
find calendar university's interfaith dialogue sessions,calendar
assist finding calendar university's academic language exchange programs,calendar
need know calendar university's career exploration fairs,calendar
calendar university's mental health support groups,calendar
tell calendar university's academic honors societies,calendar
access calendar university's academic conference presentations,calendar
help find calendar university's international student orientation sessions,calendar
interested calendar university's community outreach initiatives,calendar
calendar university's academic networking events posted,calendar
provide calendar university's student travel opportunities,calendar
calendar university's academic lecture series,calendar
calendar university's transfer student orientation sessions,calendar
find calendar university's academic scholarship deadlines,calendar
assist finding calendar university's student appreciation events,calendar
need know calendar university's academic coding competitions,calendar
calendar university's student government elections,calendar
tell calendar university's academic conference registrations,calendar
way access calendar university's faculty development seminars,calendar
view calendar for university's intercollegiate sports events,calendar
check calendar for university's arts and culture festivals,calendar
access calendar for university's annual alumni gathering,calendar
find calendar for university's health and wellness events,calendar
see calendar for university's research symposium dates,calendar
calendar for university's technology fairs,calendar
get calendar for university's entrepreneurship workshops,calendar
calendar for university's legal clinics and public forums,calendar
find calendar for university's debate competitions,calendar
access calendar for university's library enrichment sessions,calendar
view calendar for university's music and theatre performances,calendar
check calendar for university's public lecture weeks,calendar
check exam scores,score
access midterm scores,score
view final exam scores online,score
assignment scores posted,score
way see quiz scores,score
unable find lab report scores help,score
tell access test scores,score
need know grade project find,score
information check overall course score,score
get paper scores last semester,score
find presentation scores,score
deadline submitting request scores,score
request review exam score,score
see participation scores,score
trying access discussion forum scores go,score
assist finding essay scores,score
go view group project scores,score
lab practical scores available online,score
see peer review scores group assignment,score
check score online quiz,score
know test scores released,score
curious overall score course check,score
see scores individual components exam,score
way find score extra credit assignment,score
access scores online discussion posts,score
go see scores homework assignments,score
check scores class presentations,score
help understand score calculated,score
need know score group project find,score
get scores class participation activities,score
go view lab report scores,score
midterm scores available yet,score
see final project scores,score
access scores class activities,score
find scores online simulations,score
know quiz scores posted,score
see scores peer evaluations,score
check scores group discussions,score
assist finding scores practical exams,score
go find scores lab quizzes,score
way see scores online assignments,score
access scores class projects,score
go view scores case studies,score
check scores online assessments,score
help understand scores group presentations,score
need know score midterm exam find,score
see scores individual assignments,score
find scores online tests,score
check scores lab experiments,score
access scores class discussions,score
go see scores written assignments,score
know final exam scores released,score
curious grade term paper check,score
get scores online quizzes,score
go view scores group projects,score
lab report scores available yet,score
see scores online activities,score
assist finding scores group assignments,score
go find scores lab activities,score
way check scores online discussions,score
access scores individual projects,score
go view scores online exams,score
check scores class exercises,score
help understand scores lab assignments,score
need know score final project find,score
see scores group discussions,score
go find scores online assignments,score
check scores class projects,score
access scores individual assignments,score
see scores class participation,score
know group project scores posted,score
curious grade group presentation check,score
get scores class discussions,score
go view scores class quizzes,score
test scores available yet,score
see scores online quizzes,score
assist finding scores class assignments,score
go find scores group activities,score
way check scores class exams,score
access scores individual activities,score
go view scores class exercises,score
check scores online activities,score
help understand scores class assignments,score
need know score final exam find,score
see scores online tests,score
go find scores class projects,score
check scores group assignments,score
access scores individual projects,score
go view scores class discussions,score
assist finding scores class quizzes,score
see scores online assignments,score
check scores class participation,score
get scores group activities,score
go view scores class exercises,score
check scores lab experiments,score
find scores peer reviews,score
access scores for semester tests,score
see scores from fieldwork assignments,score
help understand scores from midterm exams,score
need know scores for thesis defense,score
check scores for workshop activities,score
find important questions upcoming exam,important question
provide list important questions midterm,important question
important questions final project available,important question
need know important questions next assignment,important question
tell important questions quiz next week,important question
resource important questions lab practical,important question
assist finding important questions presentation,important question
go access important questions group project,important question
important questions available term paper,important question
looking important questions study upcoming test,important question
find important questions next chapter,important question
provide important questions online assessment,important question
important questions final exam review posted,important question
tell important questions research paper,important question
list important questions group discussion,important question
assist finding important questions practical exam,important question
go access important questions online quiz,important question
important questions available project proposal,important question
looking important questions prepare oral exam,important question
find important questions lab report,important question
provide important questions online assignment,important question
important questions group presentation released,important question
tell important questions group assignment,important question
list important questions class discussion,important question
assist finding important questions case study,important question
go access important questions online test,important question
important questions available class project,important question
looking important questions review practical assessment,important question
find important questions group activity,important question
provide important questions online exam,important question
important questions individual assignment posted,important question
tell important questions group exercise,important question
list important questions online discussion,important question
assist finding important questions group task,important question
go access important questions class test,important question
important questions available individual project,important question
looking important questions prepare group project,important question
find important questions group assignment,important question
provide important questions individual assessment,important question
important questions group activity released,important question
tell important questions individual exercise,important question
list important questions group discussion,important question
assist finding important questions individual task,important question
go access important questions group test,important question
important questions available individual project,important question
looking important questions review group assessment,important question
find important questions individual activity,important question
provide important questions group exam,important question
important questions individual assignment posted,important question
tell important questions group exercise,important question
list important questions individual discussion,important question
assist finding important questions group task,important question
go access important questions individual test,important question
important questions available group project,important question
looking important questions prepare individual project,important question
find important questions group activity,important question
provide important questions individual assessment,important question
important questions group activity released,important question
tell important questions individual exercise,important question
list important questions group discussion,important question
assist finding important questions individual task,important question
go access important questions group test,important question
important questions available individual project,important question
looking important questions review group assessment,important question
find important questions individual activity,important question
provide important questions group exam,important question
important questions individual assignment posted,important question
tell important questions group exercise,important question
list important questions individual discussion,important question
assist finding important questions group task,important question
go access important questions individual test,important question
important questions available group project,important question
looking important questions prepare individual project,important question
find important questions group activity,important question
provide important questions individual assessment,important question
tell important questions individual exercise,important question
list important questions group discussion,important question
assist finding important questions individual task,important question
go access important questions group test,important question
important questions available individual project,important question
looking important questions review group assessment,important question
find important questions for seminar presentations,important question
check important questions for end of term projects,important question
access important questions for peer evaluations,important question
see important questions for case study analyses,important question
locate important questions for final year projects,important question
retrieve important questions for online courses,important question
important questions for mock interviews,important question
get important questions for practical labs,important question
important questions for thesis proposal,important question
ask for important questions during lectures,important question
find important questions for job internship interviews,important question
important questions for client pitches,important question
get help with important questions for research papers,important question
check important questions for software development sprints,important question
list important questions for art critiques,important question
access important questions for business plan competitions,important question
find important questions for mathematics proofs,important question
get important questions for language oral exams,important question
retrieve important questions for engineering design reviews,important question
next assignment due,assignments
next assignment due date,assignments
submit assignment online,assignments
remind requirements assignment,assignments
find assignment prompt guidelines,assignments
word count page limit assignment,assignments
assignment graded,assignments
specific formatting guidelines assignment,assignments
request extension assignment deadline,assignments
resources available help assignment,assignments
find examples past assignments reference,assignments
rubric grading assignment,assignments
work assignment collaboratively classmates,assignments
cite sources properly assignment,assignments
find research materials assignment,assignments
recommended structure outline assignment,assignments
submit draft assignment feedback,assignments
access assignment submission portal,assignments
check assignment grades feedback,assignments
software tools need complete assignment,assignments
request re evaluation assignment grade,assignments
know assignment received submission,assignments
find instructions accessing online assignments,assignments
limit number revisions make assignment,assignments
see examples high scoring assignments previous semesters,assignments
ensure assignment meets required academic standards,assignments
find help struggling assignment,assignments
penalty late submission assignments,assignments
resubmit assignment satisfied grade,assignments
check plagiarism level assignment,assignments
find additional readings resources assignment,assignments
specific file format required submitting assignment,assignments
submit assignment parts sections,assignments
find guidelines writing essays assignment,assignments
limit number assignments submit,assignments
request meeting instructor discuss assignment,assignments
submit multimedia interactive elements assignment,assignments
find examples successful assignments previous students,assignments
template available formatting assignment,assignments
request feedback assignment deadline,assignments
access assignment resources provided instructor,assignments
find information objectives assignment,assignments
peer review process assignment,assignments
submit assignment via email online portal,assignments
know assignment meets required length duration,assignments
find guidelines citing sources assignment,assignments
recommended font size style assignment,assignments
submit supplementary materials along assignment,assignments
know assignment successfully uploaded,assignments
find information grading criteria assignment,assignments
limit number references use assignment,assignments
submit assignment language English,assignments
request accommodations completing assignment,assignments
find examples annotated bibliographies assignment,assignments
template available creating citations assignment,assignments
submit assignment hard copy instead electronically,assignments
know assignment needs double spaced single spaced,assignments
find information penalties academic dishonesty assignment,assignments
minimum maximum word count assignment,assignments
submit assignment past deadline valid excuse,assignments
access feedback assignment graded,assignments
find examples effective thesis statements assignment,assignments
limit number pages slides assignment,assignments
request individual meeting instructor discuss assignment,assignments
know assignment requires bibliography works cited page,assignments
find information expectations academic writing assignment,assignments
penalty exceeding assignment's word limit,assignments
request alternative assignment special circumstances,assignments
submit assignment encounter technical difficulties,assignments
find examples proper formatting assignment,assignments
specific citation style required assignment,assignments
request extension assignment deadline personal reasons,assignments
access online tutorials workshops related assignment,assignments
find information consequences academic dishonesty assignment,assignments
limit number assignments revise based feedback,assignments
submit assignment format document presentation,assignments
access assignment instructions missed class,assignments
find examples successful introductions assignment,assignments
penalty submitting assignment early,assignments
request clarification assignment instructions unsure,assignments
know assignment requires specific formatting citations,assignments
find information expectations critical thinking assignment,assignments
limit number times ask questions assignment,assignments
submit assignment format includes multimedia elements,assignments
access resources improving writing skills assignment,assignments
find examples effective conclusions assignment,assignments
get feedback on draft assignment before submission,assignments
check plagiarism guidelines for assignment,assignments
find peer reviewed sources for research assignment,assignments
submit assignment through university portal,assignments
request extension on deadline for major assignment,assignments
collaborate with classmates on group assignment,assignments
understand rubric for grading assignment,assignments
find sample assignments for practice,assignments
use library resources for assignment research,assignments
discuss assignment outline with professor,assignments
submit assignment in PDF format,assignments
retrieve previously submitted assignments for review,assignments
know penalties for late submission of assignment,assignments
access tutoring for difficult assignments,assignments
use university's software for creating assignment presentations,assignments